Keyword,Group,Frequency,Intent,Page
защита от дронов,Основные,Высокая,Информационный,/
защита от БПЛА,Основные,Высокая,Информационный,/drone-defense
защита от беспилотников,Основные,Высокая,Информационный,/drone-defense
антидрон защита,Основные,Средняя,Коммерческий,/drone-defense
противодрон защита,Основные,Средняя,Коммерческий,/drone-defense
защита зданий от дронов,Основные,Средняя,Коммерческий,/drone-defense
защита объектов от БПЛА,Основные,Средняя,Коммерческий,/drone-defense
защита от квадрокоптеров,Основные,Средняя,Информационный,/drone-defense
системы защиты от дронов,Основные,Средняя,Коммерческий,/drone-defense
пассивная защита от БПЛА,Основные,Средняя,Информационный,/drone-defense
комплексная защита от дронов,Основные,Средняя,Коммерческий,/
защита от дронов купить,Коммерческие,Высокая,Коммерческий,/drone-defense
защита от БПЛА цена,Коммерческие,Высокая,Коммерческий,/drone-defense
антидрон сетка купить,Коммерческие,Средняя,Коммерческий,/drone-defense
защита от дронов стоимость,Коммерческие,Средняя,Коммерческий,/drone-defense
заказать защиту от БПЛА,Коммерческие,Средняя,Коммерческий,/drone-defense
монтаж защиты от дронов,Коммерческие,Средняя,Коммерческий,/drone-defense
установка антидрон сетки,Коммерческие,Средняя,Коммерческий,/drone-defense
защита от дронов под ключ,Коммерческие,Средняя,Коммерческий,/
защита от БПЛА цена за м2,Коммерческие,Средняя,Коммерческий,/drone-defense
антидрон конструкция купить,Коммерческие,Средняя,Коммерческий,/drone-defense
сетка от дронов цена,Коммерческие,Высокая,Коммерческий,/drone-defense
монтаж антидрон сетки стоимость,Коммерческие,Низкая,Коммерческий,/drone-defense
защита от дронов рассчитать стоимость,Коммерческие,Низкая,Коммерческий,/drone-defense
сетка антидроновая цена за квадрат,Коммерческие,Средняя,Коммерческий,/drone-defense
защита от БПЛА цена под ключ,Коммерческие,Средняя,Коммерческий,/drone-defense
как защитить здание от БПЛА,Информационные,Высокая,Информационный,/drone-defense
как работает защита от дронов,Информационные,Средняя,Информационный,/drone-defense
какие бывают системы защиты от БПЛА,Информационные,Средняя,Информационный,/drone-defense
что такое антидрон сетка,Информационные,Средняя,Информационный,/drone-defense
как установить защиту от дронов,Информационные,Средняя,Информационный,/drone-defense
как выбрать защиту от дронов,Информационные,Средняя,Информационный,/drone-defense
какая сетка лучше от БПЛА,Информационные,Средняя,Информационный,/drone-defense
что такое пассивная защита от дронов,Информационные,Средняя,Информационный,/drone-defense
какие требования к защите от БПЛА,Информационные,Средняя,Информационный,/drone-defense
защита от дронов Москва,Геозависимые,Высокая,Коммерческий,/
защита от БПЛА Санкт-Петербург,Геозависимые,Высокая,Коммерческий,/
защита от дронов Россия,Геозависимые,Средняя,Коммерческий,/
антидрон сетка Москва купить,Геозависимые,Средняя,Коммерческий,/
защита от БПЛА Екатеринбург,Геозависимые,Средняя,Коммерческий,/
защита от дронов Новосибирск,Геозависимые,Средняя,Коммерческий,/
защита от дронов Московская область,Геозависимые,Средняя,Коммерческий,/
защита от БПЛА Ленинградская область,Геозависимые,Средняя,Коммерческий,/
защита ТЭЦ от дронов,Типы объектов,Средняя,Коммерческий,/drone-defense
защита НПЗ от БПЛА,Типы объектов,Средняя,Коммерческий,/drone-defense
защита нефтебазы от дронов,Типы объектов,Средняя,Коммерческий,/drone-defense
защита аэропорта от БПЛА,Типы объектов,Средняя,Коммерческий,/drone-defense
защита склада от дронов,Типы объектов,Средняя,Коммерческий,/drone-defense
защита резервуара от БПЛА,Типы объектов,Средняя,Коммерческий,/drone-defense
защита РВС от дронов,Типы объектов,Низкая,Коммерческий,/drone-defense
защита завода от БПЛА,Типы объектов,Средняя,Коммерческий,/drone-defense
защита промышленного объекта от дронов,Типы объектов,Средняя,Коммерческий,/drone-defense
защита школы от БПЛА,Типы объектов,Средняя,Коммерческий,/drone-defense
защита больницы от дронов,Типы объектов,Средняя,Коммерческий,/drone-defense
защита АЗС от дронов,Типы объектов,Низкая,Коммерческий,/drone-defense
защита порта от дронов,Типы объектов,Низкая,Коммерческий,/drone-defense
защита подстанции от БПЛА,Типы объектов,Низкая,Коммерческий,/drone-defense
защита котельной от дронов,Типы объектов,Низкая,Коммерческий,/drone-defense
антидрон сетка,Типы защиты,Высокая,Коммерческий,/drone-defense
противодрон сетка,Типы защиты,Средняя,Коммерческий,/drone-defense
сетка от БПЛА,Типы защиты,Высокая,Коммерческий,/drone-defense
сетка от дронов,Типы защиты,Высокая,Коммерческий,/drone-defense
металлическая сетка от дронов,Типы защиты,Средняя,Коммерческий,/drone-defense
полиамидная сетка от БПЛА,Типы защиты,Средняя,Коммерческий,/drone-defense
защитная сетка от дронов,Типы защиты,Средняя,Коммерческий,/drone-defense
антидрон конструкция,Типы защиты,Средняя,Коммерческий,/drone-defense
металлокаркас от дронов,Типы защиты,Средняя,Коммерческий,/drone-defense
каркас для сетки от БПЛА,Типы защиты,Средняя,Коммерческий,/drone-defense
защитная конструкция от дронов,Типы защиты,Средняя,Коммерческий,/drone-defense
защитный барьер от дронов,Типы защиты,Низкая,Коммерческий,/drone-defense
СП 542 защита от БПЛА,Нормативные,Средняя,Информационный,/drone-defense
СП 542.1325800.2024,Нормативные,Средняя,Информационный,/drone-defense
требования к защите от БПЛА,Нормативные,Средняя,Информационный,/drone-defense
398-ФЗ защита от дронов,Нормативные,Средняя,Информационный,/drone-defense
закон о защите от БПЛА,Нормативные,Средняя,Информационный,/drone-defense
антитеррор защита от дронов,Нормативные,Средняя,Информационный,/drone-defense
защита объектов ТЭК требования БПЛА,Нормативные,Средняя,Информационный,/drone-defense
сколько стоит защита здания от дронов под ключ,НЧ длинные,Низкая,Коммерческий,/
как рассчитать стоимость защиты от БПЛА для склада,НЧ длинные,Низкая,Коммерческий,/
проектирование и монтаж защиты от дронов цена,НЧ длинные,Низкая,Коммерческий,/
защита резервуаров РВС от беспилотников конструкция,НЧ длинные,Низкая,Информационный,/drone-defense
купить антидрон сетку с установкой в Москве,НЧ длинные,Низкая,Коммерческий,/
технология монтажа защитных сеток от БПЛА,НЧ длинные,Низкая,Информационный,/drone-defense
защита нефтебазы от атак беспилотников комплексная,НЧ длинные,Низкая,Коммерческий,/drone-defense
пассивная защита промышленных объектов от дронов,НЧ длинные,Низкая,Информационный,/drone-defense
комплексное решение защиты от БПЛА для завода,НЧ длинные,Низкая,Коммерческий,/
защита от FPV дронов для гражданских объектов,НЧ длинные,Низкая,Информационный,/drone-defense
стоимость защиты периметра объекта от дронов за метр,НЧ длинные,Низкая,Коммерческий,/drone-defense
изготовление защитных конструкций от дронов на заказ,НЧ длинные,Низкая,Коммерческий,/
обслуживание систем защиты от БПЛА стоимость,НЧ длинные,Низкая,Коммерческий,/
многослойная защита от БПЛА для критической инфраструктуры,НЧ длинные,Низкая,Информационный,/drone-defense
защита объектов энергетики от дронов нормативы 2026,НЧ длинные,Низкая,Информационный,/drone-defense
строительная компания СПб,Основные,Высокая,Коммерческий,/
строительство под ключ,Коммерческие,Высокая,Коммерческий,/
монтаж металлоконструкций,Коммерческие,Высокая,Коммерческий,/
строительство Ленинградская область,Геозависимые,Высокая,Коммерческий,/
ООО ЛЕГИОН,Бренд,Высокая,Коммерческий,/
ЛЕГИОН строительная компания,Бренд,Средняя,Коммерческий,/
